batch,prawn.id,size,algae.id,colour,day,lws,mws,sws,sum(sml),ppn(sw),ppn(mw),ppn(lw),hue_sam,hue,xcoord,ycoord,jnd
1,B1G1,6,p4,green,0,17081.081,15548.117,4339.63,36968.828,0.117386194,0.420573706,0.4620401,0.765227613,0.132998365,0.029321169,-0.264480152,14.01190161
1,B1G1,6,p7,green,5,28990.632,26723.915,12247.219,67961.766,0.180207486,0.393219844,0.42657267,0.639585028,0.219820849,0.02358401,-0.187540096,9.222082714
1,B1G1,6,p22,green,10,45785.936,45083.487,38422.095,129291.518,0.297174135,0.348696401,0.354129464,0.40565173,0.422827545,0.003841756,-0.044285793,2.478372967
1,B1G1,6,p14,green,15,51459.159,50203.52,43658.809,145321.488,0.300429135,0.345465221,0.354105643,0.399141729,0.429447752,0.006109701,-0.040299248,2.513416988
1,B1G1,6,p7,green,20,31163.364,30180.133,25763.252,87106.749,0.295766428,0.346472958,0.357760614,0.408467144,0.419983425,0.007981578,-0.046009875,2.425530462
1,B1G1,6,p20,green,25,NA,NA,NA,NA,NA,NA,NA,NA,NA,NA,NA,NA
1,B1G1,6,p17,green,30,NA,NA,NA,NA,NA,NA,NA,NA,NA,NA,NA,NA
1,B1G2,6.15625,p17,green,0,18213.57,16554.196,4079.663,38847.429,0.10501758,0.426133632,0.468848788,0.789964839,0.117340384,0.030204177,-0.279628547,15.81875044
1,B1G2,6.15625,p24,green,5,22187.632,19507.327,3410.105,45105.064,0.075603595,0.432486406,0.491909999,0.84879281,0.081786985,0.042018826,-0.315653175,18.35627102
1,B1G2,6.15625,p6,green,10,46616.06,44616.838,31308.983,122541.881,0.255496184,0.364094607,0.380409209,0.489007632,0.34317646,0.011536166,-0.095330649,3.648235804
1,B1G2,6.15625,p13,green,15,51497.344,49737.693,40454.895,141689.932,0.285517075,0.351031949,0.363450975,0.428965849,0.399613574,0.008781578,-0.058562717,2.684579949
1,B1G2,6.15625,p17,green,20,45193.761,42489.374,29017.363,116700.498,0.248648151,0.364089055,0.387262795,0.502703699,0.33093437,0.016386309,-0.103717743,4.74448886
1,B1G2,6.15625,p13,green,25,NA,NA,NA,NA,NA,NA,NA,NA,NA,NA,NA,NA
1,B1G2,6.15625,p23,green,30,NA,NA,NA,NA,NA,NA,NA,NA,NA,NA,NA,NA
1,B1G3,8.6875,p26,green,0,13641.252,12556.141,3302.031,29499.424,0.11193544,0.425640209,0.462424351,0.77612912,0.126044259,0.026010316,-0.271155935,15.15529721
1,B1G3,8.6875,p13,green,5,16275.96,14190.757,1024.698,31491.415,0.032538963,0.450623035,0.516838002,0.934922073,0.033633358,0.046821052,-0.368396362,29.06581379
1,B1G3,8.6875,p26,green,10,29519.534,26842.226,9060.584,65422.344,0.138493723,0.410291414,0.451214863,0.723012554,0.160757648,0.028937249,-0.238628813,12.50581825
1,B1G3,8.6875,p23,green,15,25359.191,23424.972,13440.141,62224.304,0.215995039,0.376460169,0.407544792,0.568009921,0.275502134,0.021980147,-0.143709474,6.468297952
1,B1G3,8.6875,p9,green,20,21302.241,19369.694,11006.277,51678.212,0.212977125,0.374813548,0.412209327,0.574045751,0.270611098,0.026442809,-0.147405649,6.443695827
1,B1G3,8.6875,p13,green,25,26997.693,25398.92,17998.996,70395.609,0.255683504,0.360802618,0.383513878,0.488632991,0.343514494,0.016059286,-0.09510123,4.17188954
1,B1G3,8.6875,p4,green,30,21441.938,19517.179,13096.35,54055.467,0.242276142,0.361058374,0.396665484,0.515447716,0.319742,0.025178029,-0.111521828,4.548465625
2,B2G2,5.375,p15,green,0,14048.033,12629.931,3099.508,29777.472,0.104089024,0.424143829,0.471767147,0.791821952,0.116182329,0.033674771,-0.280765792,15.88603346
2,B2G2,5.375,p15,green,5,22114.575,19952.362,8118.669,50185.606,0.16177286,0.397571407,0.440655733,0.676454281,0.192994061,0.030465219,-0.21011781,10.41697085
2,B2G2,5.375,p15,green,10,33477.738,30930.15,17221.932,81629.82,0.210975989,0.378907487,0.410116524,0.578048022,0.267388553,0.022068121,-0.14985653,6.946047673
2,B2G2,5.375,p15,green,15,NA,NA,NA,NA,NA,NA,NA,NA,NA,NA,NA,NA
2,B2G2,5.375,p16,green,20,NA,NA,NA,NA,NA,NA,NA,NA,NA,NA,NA,NA
2,B2G2,5.375,p16,green,25,NA,NA,NA,NA,NA,NA,NA,NA,NA,NA,NA,NA
2,B2G2,5.375,p4,green,30,NA,NA,NA,NA,NA,NA,NA,NA,NA,NA,NA,NA
2,B2G3,7.0625,p18,green,0,15204.157,13781.926,3818.613,32804.696,0.116404462,0.420120522,0.463475016,0.767191075,0.131739532,0.030656257,-0.265682522,14.14763386
2,B2G3,7.0625,p1,green,5,25912.677,24247.297,12296.953,62456.927,0.196886936,0.388224304,0.41488876,0.606226128,0.245154692,0.018854618,-0.167112025,7.687972675
2,B2G3,7.0625,p1,green,10,36311.582,35313.432,27094.387,98719.401,0.274458584,0.357715217,0.367826199,0.451082832,0.378281071,0.007149543,-0.072106547,3.329327412
2,B2G3,7.0625,p24,green,15,42967.268,41608.444,33224.596,117800.308,0.282041673,0.353211674,0.364746652,0.435916653,0.392838502,0.008156461,-0.062819197,2.327973926
2,B2G3,7.0625,p23,green,20,39761.892,38323.02,29827.925,107912.837,0.27640757,0.35512939,0.36846304,0.447184861,0.381993451,0.009428314,-0.069719537,3.292177571
2,B2G3,7.0625,p25,green,25,37058.29,35840.39,29337.113,102235.793,0.286955401,0.350565971,0.362478628,0.426089198,0.402436821,0.008423521,-0.056801134,2.182523026
2,B2G3,7.0625,p8,green,30,NA,NA,NA,NA,NA,NA,NA,NA,NA,NA,NA,NA
2,B2G4,6.21875,p9,green,0,16913.875,15241.959,4052.347,36208.181,0.111917994,0.420953458,0.467128548,0.776164011,0.12602214,0.032650719,-0.271177301,14.64641704
2,B2G4,6.21875,p18,green,5,25880.292,24725.98,16448.483,67054.755,0.245299278,0.368743126,0.385957595,0.509401444,0.325028546,0.012172468,-0.107819258,4.724077441
2,B2G4,6.21875,p18,green,10,30072.876,29388.442,23725.873,83187.191,0.285210652,0.353280855,0.361508492,0.429578696,0.399013574,0.005817818,-0.058938007,2.910004208
2,B2G4,6.21875,p1,green,15,41580.626,40716.981,33700.95,115998.557,0.290529045,0.351012823,0.358458132,0.41894191,0.409500971,0.005264628,-0.052424332,2.633449699
2,B2G4,6.21875,p7,green,20,43122.597,41595.737,34603.012,119321.346,0.289998505,0.348602647,0.361398848,0.420002989,0.408447739,0.009048281,-0.053074108,2.696917476
2,B2G4,6.21875,p18,green,25,37713.795,36393.059,30592.932,104699.786,0.2921967,0.347594397,0.360208902,0.415606599,0.412821896,0.008919802,-0.05038188,2.51438577
2,B2G4,6.21875,p12,green,30,39781.749,38403.992,32482.595,110668.336,0.293512997,0.34701879,0.359468213,0.412974006,0.415454207,0.008803072,-0.048769752,2.005577919
3,B3G2,6.21875,p1,green,0,22943.428,20811.02,4469.921,48224.369,0.092690088,0.431545719,0.475764193,0.814619824,0.102159236,0.031267183,-0.294726581,17.02419839
3,B3G2,6.21875,p16,green,5,29192.679,27875.874,17267.275,74335.828,0.232287384,0.374999173,0.392713444,0.535425233,0.302570752,0.012525881,-0.123755509,5.808599881
3,B3G2,6.21875,p16,green,10,34722.94,31474.746,11646.788,77844.474,0.149616118,0.404328585,0.446055297,0.700767764,0.175939503,0.029505241,-0.225006717,11.444221
3,B3G2,6.21875,p11,green,15,38926.991,36258.627,19133.635,94319.253,0.202860332,0.38442445,0.412715217,0.594279336,0.254485306,0.020004593,-0.159796139,7.858400401
3,B3G2,6.21875,p22,green,20,40743.106,37587.949,20813.878,99144.933,0.209933855,0.379121231,0.410944914,0.58013229,0.265716809,0.022502743,-0.151132878,7.186752196
3,B3G2,6.21875,p19,green,25,49729.095,46697.614,31614.04,128040.749,0.246906085,0.364709004,0.388384912,0.506187831,0.327855636,0.016741395,-0.10585133,4.016626001
3,B3G2,6.21875,p16,green,30,50494.437,48611.833,38412.691,137518.961,0.279326507,0.353491858,0.367181635,0.441346986,0.387590926,0.009680135,-0.066144584,3.298794889
3,B3G3,13.375,p24,green,0,10015.568,9072.448,1799.753,20887.769,0.086163008,0.434342605,0.479494387,0.827673985,0.094287065,0.031927131,-0.302720589,16.89758461
3,B3G3,13.375,p12,green,5,10706.444,9312.758,1428.245,21447.447,0.066592774,0.434212893,0.499194333,0.866814451,0.071343753,0.045948817,-0.326689132,19.70918278
3,B3G3,13.375,p24,green,10,12147.817,10547.128,2968.514,25663.459,0.115670845,0.410978427,0.473350728,0.768658309,0.130800669,0.044103877,-0.266581016,13.26167271
3,B3G3,13.375,p8,green,15,11980.847,10492.938,3894.865,26368.65,0.147708169,0.397932317,0.454359514,0.704583663,0.173307033,0.039900053,-0.227343469,11.42735057
3,B3G3,13.375,p17,green,20,21026.557,18940.943,7920.288,47887.788,0.165392647,0.395527624,0.439079729,0.669214707,0.198168212,0.030795989,-0.205684495,10.14576598
3,B3G3,13.375,p14,green,25,10036.629,8441.047,3121.895,21599.571,0.144535047,0.390796975,0.464667979,0.710929907,0.168954959,0.052234688,-0.231229733,11.38220173
3,B3G3,13.375,p8,green,30,16179.361,13746.387,7743.478,37669.226,0.205565094,0.364923532,0.429511374,0.588869811,0.258756373,0.045670501,-0.156483495,7.060869797
3,B3G4,8.59375,p21,green,0,11522.706,10429.29,2112.078,24064.074,0.087768929,0.433396689,0.478834382,0.824462142,0.096213483,0.032129301,-0.300753745,17.66449225
3,B3G4,8.59375,p12,green,5,14132.073,12393.057,2569.536,29094.666,0.088316394,0.425956325,0.485727281,0.823367211,0.096871759,0.042264448,-0.300083239,16.43090815
3,B3G4,8.59375,p5,green,10,33588.007,30564.663,12277.247,76429.917,0.160634049,0.399904438,0.439461513,0.678731903,0.191375464,0.027971076,-0.211512563,10.53641594
3,B3G4,8.59375,p12,green,15,26698.691,23975.607,12074.134,62748.432,0.192421286,0.382090934,0.42548778,0.615157427,0.238269389,0.030686204,-0.172581307,6.820499144
3,B3G4,8.59375,p20,green,20,33978.231,31042.112,14853.092,79873.435,0.185957847,0.388641255,0.425400898,0.628084306,0.228437614,0.025992993,-0.180497371,8.914720713
3,B3G4,8.59375,p3,green,25,31817.324,28835.265,15713.304,76365.893,0.205763377,0.377593502,0.416643121,0.588473247,0.259070623,0.02761225,-0.15624065,6.445943953
3,B3G4,8.59375,p22,green,30,41708.683,38178.424,23054.541,102941.648,0.223957372,0.37087442,0.405168208,0.552085255,0.288589008,0.02424937,-0.133957647,6.278999699
4,B4G1,6.125,p6,green,0,12741.654,11400.829,2219.868,26362.351,0.084205995,0.432466323,0.483327682,0.83158801,0.09194862,0.035964412,-0.30511743,17.29849547
4,B4G1,6.125,p11,green,5,14655.555,12550.874,2951.662,30158.091,0.097872972,0.416169379,0.485957649,0.804254056,0.108491342,0.049347759,-0.28837887,16.89379854
4,B4G1,6.125,p11,green,10,NA,NA,NA,NA,NA,NA,NA,NA,NA,NA,NA,NA
4,B4G1,6.125,p11,green,15,31245.296,29001.647,19841.568,80088.511,0.247745497,0.362119943,0.39013456,0.504509005,0.329337341,0.019809326,-0.104823263,5.071111422
4,B4G1,6.125,p3,green,20,37579.465,35221.012,24269.358,97069.835,0.250019566,0.362841989,0.387138445,0.499960868,0.333368118,0.017180189,-0.102038109,3.95551137
4,B4G1,6.125,p17,green,25,38499.21,35781.74,25162.218,99443.168,0.253031138,0.359820998,0.387147863,0.493937723,0.338743891,0.019323011,-0.098349701,4.455335075
4,B4G1,6.125,p19,green,30,40080.787,36559.881,24883.871,101524.539,0.245102034,0.360108811,0.394789155,0.509795932,0.324682334,0.024522707,-0.108060831,3.944589209
4,B4G2,9.4375,p16,green,0,14190.367,12944.085,2391.102,29525.554,0.080984154,0.438402782,0.480613065,0.838031693,0.088120519,0.029847178,-0.309063364,18.91298817
4,B4G2,9.4375,p5,green,5,28150.571,27348.297,18442.705,73941.573,0.249422676,0.369863608,0.380713716,0.501154648,0.332307769,0.007672184,-0.102769147,4.789739306
4,B4G2,9.4375,p24,green,10,35902.763,34717.564,25123.057,95743.384,0.262399927,0.36261058,0.374989493,0.475200145,0.355748239,0.008753213,-0.086875325,3.149628228
4,B4G2,9.4375,p14,green,15,37762.88,35880.014,25248.779,98891.673,0.255317543,0.362821387,0.381861069,0.489364913,0.342854247,0.013463088,-0.095549439,4.306878595
4,B4G2,9.4375,p21,green,20,43014.107,41171.274,31556.986,115742.367,0.272648528,0.355714809,0.371636663,0.454702944,0.37485114,0.011258451,-0.074323404,3.51706031
4,B4G2,9.4375,p9,green,25,45424.518,42633.007,29718.414,117775.939,0.252330096,0.361984013,0.385685891,0.495339808,0.337488636,0.016759759,-0.099208299,4.220397626
4,B4G2,9.4375,p1,green,30,40443.607,37107.886,23324.227,100875.72,0.231217453,0.367857459,0.400925089,0.537565095,0.300757936,0.023382346,-0.125065901,5.433811963
4,B4G3,7,p3,green,0,24577.246,22460.59,5615.852,52653.688,0.106656385,0.426572019,0.466771596,0.786687231,0.119390101,0.028425394,-0.27762143,14.78780188
4,B4G3,7,p23,green,5,31117.806,30381.186,21974.493,83473.485,0.263251175,0.363962113,0.372786712,0.47349765,0.357314686,0.006239934,-0.085832764,4.03006679
4,B4G3,7,p23,green,10,36467.189,35446.661,27397.497,99311.347,0.27587479,0.356924582,0.367200628,0.44825042,0.380976641,0.007266262,-0.070372056,3.376357256
4,B4G3,7,p18,green,15,52930.078,51952.692,45189.473,150072.243,0.301118129,0.346184551,0.352697321,0.397763742,0.430856975,0.004605224,-0.039455407,2.355419652
4,B4G3,7,p21,green,20,46714.954,45476.628,38061.614,130253.196,0.292212515,0.349140208,0.358647276,0.41557497,0.412853464,0.006722512,-0.050362511,2.813799237
4,B4G3,7,p12,green,25,39852.711,38586.174,32605.411,111044.296,0.293625266,0.347484521,0.358890213,0.412749467,0.415679175,0.008065042,-0.048632251,2.036307343
4,B4G3,7,p7,green,30,NA,NA,NA,NA,NA,NA,NA,NA,NA,NA,NA,NA
4,B4G4,9.1875,p22,green,0,22197.976,20521.383,5239.037,47958.396,0.109241289,0.427899695,0.462859016,0.781517422,0.122638474,0.024719974,-0.274455582,15.5325603
4,B4G4,9.1875,p4,green,5,26896.266,24067.253,5941.445,56904.964,0.10440996,0.422937672,0.472652368,0.791180081,0.116582314,0.035153599,-0.280372728,15.39895186
4,B4G4,9.1875,p4,green,10,28597.31,25500.381,7109.927,61207.618,0.116160818,0.416621032,0.467218149,0.767678363,0.13142755,0.035777564,-0.265980924,14.0989283
4,B4G4,9.1875,p19,green,15,29634.526,26499.628,8429.474,64563.628,0.130560724,0.410442053,0.458997224,0.738878552,0.150166581,0.034333691,-0.248344714,12.07361046
4,B4G4,9.1875,p15,green,20,34669.142,31705.436,17000.689,83375.267,0.203905662,0.380273877,0.415820461,0.592188676,0.256132536,0.025135231,-0.158515877,7.388829511
4,B4G4,9.1875,p26,green,25,34428.372,32351.904,23085.105,89865.381,0.256885407,0.360004082,0.383110511,0.486229185,0.345687475,0.016338712,-0.093629205,4.327386026
4,B4G4,9.1875,p19,green,30,41261.976,37582.791,23792.271,102637.038,0.231809798,0.36617182,0.402018382,0.536380405,0.30176094,0.025347347,-0.12434043,4.695307864
5,B5G1,9.375,p20,green,0,11778.14,10827.814,2716.289,25322.243,0.107268894,0.427600904,0.465130202,0.785462212,0.120158123,0.026537221,-0.276871263,15.85769531
5,B5G1,9.375,p10,green,5,13066.837,11374.502,1654.109,26095.448,0.063386879,0.435880695,0.500732427,0.873226242,0.067676693,0.045857099,-0.330615536,21.74444456
5,B5G1,9.375,p9,green,10,22212.907,19242.99,4715.09,46170.987,0.102122357,0.416776665,0.481100978,0.795755287,0.113737498,0.045484158,-0.283174458,15.66142234
5,B5G1,9.375,p13,green,15,18372.721,15505.233,4487.79,38365.744,0.116973882,0.404142638,0.47888348,0.766052237,0.132469334,0.052849756,-0.264985129,14.22322811
5,B5G1,9.375,p20,green,20,16799.421,13968.028,4266.778,35034.227,0.121788844,0.398696623,0.479514533,0.756422312,0.138678316,0.057146892,-0.259088029,14.16005644
5,B5G1,9.375,p20,green,25,20662.965,17604.521,6915.894,45183.38,0.153062785,0.389623817,0.457313397,0.693874429,0.180725068,0.047863761,-0.220785429,11.34126137
5,B5G1,9.375,p2,green,30,16540.432,13753.836,5005.138,35299.406,0.141790998,0.389633639,0.468575364,0.716418004,0.165217328,0.055820229,-0.234590493,11.85534301
5,B5G2,6.90625,p5,green,0,25688.444,23609.764,8640.413,57938.621,0.149130457,0.407496133,0.443373411,0.701739087,0.175268298,0.025369066,-0.225601529,11.50632556
5,B5G2,6.90625,p3,green,5,23877.371,23408.317,17713.344,64999.032,0.272517043,0.360133317,0.36734964,0.454965914,0.374602649,0.005102711,-0.07448444,3.158269548
5,B5G2,6.90625,p26,green,10,50585.811,49820.148,41758.611,142164.57,0.293734304,0.350439972,0.355825724,0.412531392,0.415897736,0.003808301,-0.048498708,2.583802848
5,B5G2,6.90625,p6,green,15,48966.731,48182.359,42300.484,139449.574,0.303338926,0.345518151,0.351142923,0.393322148,0.435418222,0.003977314,-0.036735497,2.200810677
5,B5G2,6.90625,p3,green,20,38436.896,37422.151,31630.844,107489.891,0.294268081,0.348145771,0.357586147,0.411463837,0.416968644,0.006675354,-0.047844967,2.258925839
5,B5G2,6.90625,p16,green,25,40001.27,39132.305,34119.191,113252.766,0.301265852,0.345530678,0.353203471,0.397468297,0.431159479,0.005425484,-0.039274484,2.430179738
5,B5G2,6.90625,p15,green,30,NA,NA,NA,NA,NA,NA,NA,NA,NA,NA,NA,NA
5,B5G3,7,p20,green,0,17018.34,15524.221,5603.874,38146.435,0.146904265,0.406963875,0.44613186,0.70619147,0.172201383,0.027695948,-0.228328045,11.96089152
5,B5G3,7,p14,green,5,23049.998,20587.66,6399.635,50037.293,0.127897307,0.411446319,0.460656375,0.744205387,0.146653952,0.034796764,-0.25160672,13.06460897
5,B5G3,7,p24,green,10,48976.919,47204.649,35537.816,131719.384,0.26979944,0.358372834,0.371827726,0.460401121,0.369486761,0.009514045,-0.07781281,2.784166481
5,B5G3,7,p20,green,15,46901.756,43982.308,30580.272,121464.336,0.251763382,0.362100592,0.386136026,0.496473236,0.336475622,0.016995618,-0.09990238,4.786560642
5,B5G3,7,p14,green,20,36517.071,34903.553,26224.34,97644.964,0.26856828,0.357453693,0.373978027,0.462863441,0.367181614,0.011684469,-0.079320667,3.673792839
5,B5G3,7,p10,green,25,43416.992,41901.015,34525.846,119843.853,0.288090254,0.349630072,0.362279674,0.423819493,0.404672439,0.008944619,-0.05541123,2.800102552
5,B5G3,7,p6,green,30,40192.608,38972.555,32862.741,112027.904,0.293344246,0.347882569,0.358773186,0.413311509,0.415116192,0.007700829,-0.04897643,2.246650117
5,B5G4,7.78125,p17,green,0,15861.341,14543.622,4524.922,34929.885,0.129542997,0.416366158,0.454090845,0.740914005,0.148821822,0.026675382,-0.249591169,13.27469047
5,B5G4,7.78125,p9,green,5,18811.647,17317.186,7149.914,43278.747,0.165206123,0.400131409,0.434662468,0.669587754,0.197900497,0.024417147,-0.205912939,9.842342846
5,B5G4,7.78125,p2,green,10,34248.809,32123.308,19835.717,86207.834,0.230091815,0.372626321,0.397281864,0.53981637,0.298856175,0.017434102,-0.12644452,5.744473511
5,B5G4,7.78125,p18,green,15,46293.509,44070.464,32340.743,122704.716,0.263565607,0.359158681,0.377275711,0.472868785,0.357894213,0.012810675,-0.085447665,3.731740525
5,B5G4,7.78125,p25,green,20,37204.977,35500.383,26498.66,99204.02,0.267112764,0.357852262,0.375034973,0.465774472,0.364466389,0.012150011,-0.081103302,2.853272389
5,B5G4,7.78125,p13,green,25,39151.235,37157.718,28621.612,104930.565,0.272767158,0.354117201,0.373115641,0.454465684,0.375075412,0.013433925,-0.074178113,3.266659278
5,B5G4,7.78125,p9,green,30,25634.133,22484.317,13064.507,61182.957,0.213531801,0.36749314,0.418975059,0.572936398,0.271507229,0.036403214,-0.146726312,6.304159666
6,B6G2,6.1875,p23,green,0,17545.314,15783.422,4416.97,37745.706,0.117019139,0.418151458,0.464829403,0.765961723,0.132527378,0.033006292,-0.264929701,14.25512952
6,B6G2,6.1875,p22,green,5,26532.914,24996.738,13665.407,65195.059,0.209608016,0.383414608,0.406977375,0.580783967,0.265195018,0.016661392,-0.151531947,7.257919524
6,B6G2,6.1875,p22,green,10,31635.69,31061.027,24655.207,87351.924,0.282251448,0.355584921,0.362163631,0.435497105,0.393245583,0.004651851,-0.062562278,3.20130799
6,B6G2,6.1875,p8,green,15,44541.12,43519.608,37038.371,125099.099,0.296072244,0.347881067,0.356046689,0.407855511,0.420600327,0.005773967,-0.045635328,2.317175274
6,B6G2,6.1875,p17,green,20,43669.202,42567.22,37325.639,123562.061,0.302080094,0.344500728,0.353419178,0.395839812,0.43282917,0.006306296,-0.038277245,2.173049202
6,B6G2,6.1875,p15,green,25,44322.001,43560.62,38823.889,126706.51,0.306408005,0.343791491,0.349800504,0.387183989,0.441769812,0.004249013,-0.032976657,1.858188423
6,B6G2,6.1875,p16,green,30,NA,NA,NA,NA,NA,NA,NA,NA,NA,NA,NA,NA
6,B6G3,8.125,p25,green,0,13641.894,12460.434,4466.474,30568.802,0.14611217,0.407619311,0.446268519,0.70777566,0.171114009,0.027329117,-0.229298159,10.51536782
6,B6G3,8.125,p6,green,5,19652.482,17744.149,5170.76,42567.391,0.121472326,0.416848404,0.46167927,0.757055348,0.13826807,0.031700209,-0.259475682,12.93254749
6,B6G3,8.125,p6,green,10,23310.409,21147.97,7865.349,52323.728,0.150320883,0.404175521,0.445503596,0.699358234,0.176914885,0.029223363,-0.22414356,10.30047778
6,B6G3,8.125,p4,green,15,30297.531,27291.241,10356.462,67945.234,0.152423671,0.401665274,0.445911055,0.695152658,0.179834743,0.031286492,-0.221568181,10.73521644
6,B6G3,8.125,p1,green,20,28060.484,25164.393,9879.858,63104.735,0.156562863,0.398771867,0.44466527,0.686874273,0.185624816,0.032451536,-0.216498727,10.55751135
6,B6G3,8.125,p24,green,25,30321.658,27075.849,9608.743,67006.25,0.143400698,0.404079455,0.452519847,0.713198605,0.167406975,0.034252529,-0.232619021,10.67600756
6,B6G3,8.125,p3,green,30,42131.964,37548.942,13286.626,92967.532,0.142916841,0.403893071,0.453190088,0.714166318,0.166747928,0.034858255,-0.233211622,11.12168821
6,B6G4,7.0625,p26,green,0,23587.617,21548.124,5525.383,50661.124,0.109065543,0.425338451,0.465596006,0.781868914,0.122417022,0.02846639,-0.274670826,15.45499385
6,B6G4,7.0625,p8,green,5,32272.429,29688.695,14097.102,76058.226,0.185346185,0.390341671,0.424312145,0.629307631,0.227515272,0.024020753,-0.181246501,8.593255786
6,B6G4,7.0625,p8,green,10,34624.154,33001.777,23801.197,91427.128,0.260329702,0.360962635,0.378707663,0.479340596,0.351953705,0.01254763,-0.089410823,4.017429489
6,B6G4,7.0625,p17,green,15,38924.335,37647.506,31032.023,107603.864,0.288391344,0.349871321,0.361737335,0.423217311,0.405266774,0.008390539,-0.05504247,2.757511365
6,B6G4,7.0625,p25,green,20,41468.449,39844.987,32326.033,113639.469,0.284461317,0.350626304,0.364912379,0.431077366,0.397548481,0.010101781,-0.059855752,2.200776732
6,B6G4,7.0625,p10,green,25,41222.359,39336.879,32030.867,112590.105,0.284490959,0.349381316,0.366127725,0.431018081,0.39760638,0.0118415,-0.059819447,2.922809456
6,B6G4,7.0625,p9,green,30,NA,NA,NA,NA,NA,NA,NA,NA,NA,NA,NA,NA
7,B7G5,8.625,p25,green,0,14884.183,13491.141,2392.485,30767.809,0.077759356,0.438482344,0.483758301,0.844481289,0.084315689,0.032014936,-0.313012919,18.10992619
7,B7G5,8.625,p2,green,5,NA,NA,NA,NA,NA,NA,NA,NA,NA,NA,NA,NA
7,B7G5,8.625,p19,green,10,13399.997,11485.874,2301.411,27187.282,0.084650279,0.422472316,0.492877405,0.830699442,0.09247862,0.049783916,-0.304573296,17.18383428
7,B7G5,8.625,p2,green,15,14209.008,12102.494,3277.3,29588.802,0.110761497,0.409022778,0.480215725,0.778477006,0.124557693,0.050341015,-0.272593715,14.9432818
7,B7G5,8.625,p3,green,20,20057.488,16996.323,6978.154,44031.965,0.158479277,0.385999648,0.455521074,0.683041445,0.188324866,0.049159072,-0.214151608,9.679234521
7,B7G5,8.625,p11,green,25,28458.569,25150.483,12315.467,65924.519,0.186811632,0.381504232,0.431684136,0.626376735,0.229727379,0.03548255,-0.179451702,8.85627462
7,B7G5,8.625,p14,green,30,NA,NA,NA,NA,NA,NA,NA,NA,NA,NA,NA,NA
7,B7G6,9.75,p14,green,0,8347.795,7555.41,2489.851,18393.056,0.135369076,0.410775132,0.453855792,0.729261848,0.156562844,0.030462627,-0.242455709,12.39940142
7,B7G6,9.75,p21,green,5,13473.861,11819.739,3654.133,28947.733,0.126232096,0.408313114,0.465454791,0.747535809,0.14446868,0.040405267,-0.253646179,13.20172414
7,B7G6,9.75,p21,green,10,29090.318,26251.869,9993.208,65335.395,0.152952439,0.401801642,0.445245919,0.694095123,0.180571252,0.030719743,-0.220920576,10.88269677
7,B7G6,9.75,p19,green,15,23625.204,20606.326,7744.789,51976.319,0.149006108,0.396456048,0.454537844,0.701987784,0.175096566,0.041070032,-0.225753824,10.34861618
7,B7G6,9.75,p25,green,20,30016.731,25607.939,10039.016,65663.686,0.152885356,0.389986316,0.457128328,0.694229288,0.180477763,0.047476572,-0.221002735,9.751756573
7,B7G6,9.75,p6,green,25,45831.859,42049.048,22719.676,110600.583,0.205420942,0.380188303,0.414390754,0.589158115,0.25852801,0.024184785,-0.156660045,6.296305613
7,B7G6,9.75,p20,green,30,47630.617,44638.726,29555.869,121825.212,0.242608804,0.366416157,0.390975039,0.514782392,0.320321659,0.017365752,-0.111114402,5.315908094
8,B8G1,7.71875,p11,green,0,18816.161,17196.977,4696.062,40709.2,0.115356283,0.422434659,0.462209058,0.769287434,0.130398578,0.028124748,-0.266966274,15.02978505
8,B8G1,7.71875,p13,green,5,19826.265,17795.882,6609.296,44231.443,0.149425286,0.402335551,0.448239163,0.701149429,0.175675673,0.032458755,-0.225240438,11.28524494
8,B8G1,7.71875,p21,green,10,20959.447,18916.197,9852.181,49727.825,0.198122098,0.380394618,0.421483284,0.603755805,0.247072649,0.029054074,-0.165599267,7.522099616
8,B8G1,7.71875,p8,green,15,23893.816,21829.373,14915.889,60639.078,0.245978163,0.359988537,0.3940333,0.508043674,0.326221537,0.024073282,-0.106987797,4.692000736
8,B8G1,7.71875,p4,green,20,19166.509,16572.72,10360.687,46099.916,0.224744162,0.359495666,0.415760172,0.550511676,0.289896769,0.039785014,-0.13299403,5.519067969
8,B8G1,7.71875,p11,green,25,21933.641,19173.968,12090.528,53198.137,0.227273523,0.360425554,0.412300923,0.545452954,0.294118979,0.036681425,-0.129896209,6.176617076
8,B8G1,7.71875,p21,green,30,NA,NA,NA,NA,NA,NA,NA,NA,NA,NA,NA,NA
8,B8G3,7.125,p13,green,0,23003.507,21057.942,5785.345,49846.794,0.11606253,0.422453288,0.461484183,0.767874941,0.131301742,0.027599011,-0.266101303,14.46663134
8,B8G3,7.125,p19,green,5,19696.987,17203.778,2886.406,39787.171,0.072546148,0.432395105,0.495058746,0.854907704,0.078220763,0.044309885,-0.319397768,19.03614448
8,B8G3,7.125,p10,green,10,22212.059,19315.007,3734.364,45261.43,0.08250654,0.42674319,0.49075027,0.834986919,0.089926026,0.045259841,-0.307198828,18.67575061
8,B8G3,7.125,p26,green,15,29071.746,26364.388,12682.853,68118.987,0.186186753,0.387034352,0.426778895,0.627626494,0.228783143,0.028103636,-0.18021702,8.692963705
8,B8G3,7.125,p21,green,20,32108.27,29841.293,20476.462,82426.025,0.248422291,0.362037269,0.389540439,0.503155417,0.330534406,0.019447678,-0.103994363,4.580358093
8,B8G3,7.125,p5,green,25,35937.753,34050.108,25943.825,95931.686,0.270440624,0.354941203,0.374618174,0.459118752,0.370690354,0.01391372,-0.077027524,3.532034771
8,B8G3,7.125,p14,green,30,49577.601,47193.196,37070.229,133841.026,0.276972092,0.352606353,0.370421555,0.446055816,0.383072478,0.012597251,-0.069028141,3.243848894
8,B8G4,6.5625,p7,green,0,23759.922,21747.744,9534.472,55042.138,0.173221324,0.395110815,0.431667861,0.653557353,0.209513536,0.025849736,-0.196096363,9.726022935
8,B8G4,6.5625,p2,green,5,34973.537,34375.568,28044.514,97393.619,0.28795022,0.352955033,0.359094747,0.42409956,0.404396192,0.004341434,-0.055582736,2.84652831
8,B8G4,6.5625,p10,green,10,39417.603,38534.907,32136.44,110088.95,0.291913403,0.350034286,0.358052311,0.416173194,0.412256642,0.0056696,-0.050728848,2.689274529
8,B8G4,6.5625,p10,green,15,40835.328,40249.972,35306.244,116391.544,0.303340284,0.34581526,0.350844457,0.393319432,0.43542102,0.003556179,-0.036733833,2.221695135
8,B8G4,6.5625,p18,green,20,NA,NA,NA,NA,NA,NA,NA,NA,NA,NA,NA,NA
8,B8G4,6.5625,p18,green,25,NA,NA,NA,NA,NA,NA,NA,NA,NA,NA,NA,NA
8,B8G4,6.5625,p1,green,30,NA,NA,NA,NA,NA,NA,NA,NA,NA,NA,NA,NA
1,B1R2,9.0625,u21,red,0,4365.65,3700.085,3493.919,11559.654,0.302251175,0.320086138,0.377662688,0.395497651,0.433180485,0.040712769,-0.038067714,12.32862168
1,B1R2,9.0625,u9,red,5,10382.708,9554.119,6489.996,26426.823,0.245583663,0.361531123,0.392885214,0.508832674,0.325528029,0.02217069,-0.107470958,6.903763692
1,B1R2,9.0625,u25,red,10,34228.741,32325.38,20125.856,86679.977,0.232185756,0.372927879,0.394886365,0.535628488,0.302398344,0.015526994,-0.123879976,7.134884925
1,B1R2,9.0625,u10,red,15,30555.308,28063.847,12636.153,71255.308,0.177336305,0.393849213,0.428814482,0.645327391,0.215563547,0.024724179,-0.191056561,2.255467236
1,B1R2,9.0625,u11,red,20,32751.188,29997.575,12909.037,75657.8,0.170624007,0.396490183,0.43288581,0.658751986,0.205725761,0.025735594,-0.199277413,1.873853445
1,B1R2,9.0625,u23,red,25,NA,NA,NA,NA,NA,NA,NA,NA,NA,NA,NA,NA
1,B1R2,9.0625,u13,red,30,NA,NA,NA,NA,NA,NA,NA,NA,NA,NA,NA,NA
1,B1R3,9.03125,u26,red,0,2992.528,2612.028,2396.381,8000.937,0.299512545,0.326465263,0.374022193,0.400974911,0.427577314,0.033627828,-0.041421838,10.62537801
1,B1R3,9.03125,u11,red,5,13793.751,12868.284,7658.515,34320.55,0.223146628,0.374943991,0.401909381,0.553706744,0.287244203,0.01906741,-0.134950602,5.430156654
1,B1R3,9.03125,u21,red,10,33758.321,31405.733,16331.975,81496.029,0.200402096,0.385365194,0.414232711,0.599195809,0.25062859,0.020412417,-0.162806852,6.20029792
1,B1R3,9.03125,u3,red,15,36972.048,33911.962,14828.735,85712.745,0.173005018,0.395646668,0.431348313,0.653989964,0.20919718,0.025244875,-0.196361282,3.896406377
1,B1R3,9.03125,u1,red,20,32469.937,29703.304,13046.866,75220.107,0.173449182,0.39488516,0.431665658,0.653101637,0.209846966,0.02600774,-0.195817295,2.31346116
1,B1R3,9.03125,u10,red,25,39971.141,36644.207,16350.678,92966.026,0.175877992,0.394167725,0.429954282,0.648244016,0.213412566,0.025304917,-0.192842621,2.152880554
1,B1R3,9.03125,u22,red,30,42124.938,38412.328,16638.594,97175.86,0.171221474,0.395286731,0.433491795,0.657557052,0.206594969,0.02701506,-0.198545668,3.355766519
1,B1R4,7.46875,u19,red,0,7270.941,6208.364,5182.975,18662.28,0.27772464,0.332669106,0.389606254,0.444550719,0.384513519,0.040260644,-0.068106462,9.714468084
1,B1R4,7.46875,u1,red,5,14346.665,12939.682,7641.538,34927.885,0.218780439,0.370468524,0.410751037,0.562439123,0.280049873,0.028484038,-0.14029807,5.458179837
1,B1R4,7.46875,u12,red,10,37504.086,34606.697,18883.792,90994.575,0.20752657,0.380316046,0.412157384,0.584946861,0.261871959,0.022515226,-0.154081189,4.715614815
1,B1R4,7.46875,u22,red,15,39434.321,35858.756,17074.795,92367.872,0.184856429,0.38821676,0.426926811,0.630287141,0.226777755,0.027372139,-0.181846327,4.367106902
1,B1R4,7.46875,u11,red,20,40602.48,36901.134,16475.953,93979.567,0.175314204,0.392650607,0.432035189,0.649371592,0.212583029,0.027849105,-0.193533118,2.250832183
1,B1R4,7.46875,u25,red,25,37592.318,34404.211,15371.535,87368.064,0.175939975,0.393784747,0.430275278,0.64812005,0.213503834,0.025802702,-0.192766708,3.437888206
1,B1R4,7.46875,u6,red,30,42235.87,38203.604,14472.806,94912.28,0.152486127,0.40251487,0.444999003,0.695027746,0.179921689,0.030040819,-0.221491688,2.23939961
2,B2R1,11.5,u1,red,0,1682.632,1226.851,1321.365,4230.848,0.312316822,0.289977565,0.397705614,0.375366357,0.454158007,0.076175234,-0.025739865,11.50887215
2,B2R1,11.5,u20,red,5,10569.175,9898.912,7512.33,27980.417,0.268485277,0.353780003,0.377734721,0.463029447,0.367026484,0.016938544,-0.079422325,9.760116009
2,B2R1,11.5,u17,red,10,27674.773,25796.433,14512.917,67984.123,0.213475093,0.379447904,0.407077002,0.573049813,0.271415554,0.019536723,-0.146795765,5.379533404
2,B2R1,11.5,u3,red,15,33963.136,31822.242,17890.091,83675.469,0.213803295,0.380305511,0.405891194,0.57239341,0.271946313,0.01809181,-0.146393801,6.689877086
2,B2R1,11.5,u18,red,20,30338.029,27554.293,10702.166,68594.488,0.156020787,0.401698355,0.442280858,0.687958426,0.184863305,0.028696163,-0.217162632,2.518780197
2,B2R1,11.5,u5,red,25,32577.955,29532.315,11342.223,73452.493,0.154415766,0.402060077,0.443524156,0.691168467,0.182614292,0.029319532,-0.219128373,0.999155825
2,B2R1,11.5,u11,red,30,48260.934,43770.367,16164.312,108195.613,0.149398959,0.404548445,0.446052595,0.701202081,0.175639286,0.029347866,-0.225272681,0.356767704
2,B2R2,6.90625,u8,red,0,5750.188,4910.083,4174.243,14834.514,0.281387243,0.330990486,0.387622271,0.437225513,0.391570064,0.040044719,-0.063620707,10.83527176
2,B2R2,6.90625,u2,red,5,20481.914,19236.389,11715.308,51433.611,0.227775335,0.374004248,0.398220417,0.544449329,0.294959933,0.017123417,-0.129281617,7.196270173
2,B2R2,6.90625,u12,red,10,27343.566,25406.083,13507.599,66257.248,0.203865983,0.383446095,0.412687922,0.592268034,0.256069931,0.020677094,-0.158564473,4.459103211
2,B2R2,6.90625,u4,red,15,32723.924,30188.148,15521.109,78433.181,0.197889577,0.384890012,0.417220411,0.604220846,0.24671114,0.022861044,-0.165884046,4.899563265
2,B2R2,6.90625,u5,red,20,42580.531,38636.822,17713.435,98930.788,0.179048761,0.390543963,0.430407276,0.641902478,0.218099142,0.028187619,-0.188959239,2.882062927
2,B2R2,6.90625,u15,red,25,NA,NA,NA,NA,NA,NA,NA,NA,NA,NA,NA,NA
2,B2R2,6.90625,u26,red,30,NA,NA,NA,NA,NA,NA,NA,NA,NA,NA,NA,NA
2,B2R3,8.59375,u11,red,0,9689.788,8499.806,8374.297,26563.891,0.315251143,0.31997594,0.364772917,0.369497714,0.46038944,0.031676246,-0.02214607,10.6647773
2,B2R3,8.59375,u24,red,5,24205.084,23631.38,19600.792,67437.256,0.290652277,0.350420248,0.358927475,0.418695446,0.409745837,0.006015517,-0.052273405,10.56620194
2,B2R3,8.59375,u24,red,10,30899.092,29402.297,20281.255,80582.644,0.25168267,0.364871336,0.383445994,0.49663466,0.336331473,0.013134266,-0.100001231,8.469846938
2,B2R3,8.59375,u13,red,15,39577.256,37817.603,27776.866,105171.725,0.264109636,0.359579564,0.3763108,0.471780728,0.358898076,0.011830771,-0.084781368,8.070486897
2,B2R3,8.59375,u14,red,20,40656.626,39211.302,30444.969,110312.897,0.275987394,0.355455283,0.368557323,0.448025211,0.381191421,0.009264541,-0.070234145,9.43346793
2,B2R3,8.59375,u5,red,25,46856.813,45780.569,38320.14,130957.522,0.292615036,0.349583348,0.357801616,0.414769928,0.413657415,0.005811193,-0.049869526,9.6536432
2,B2R3,8.59375,u22,red,30,NA,NA,NA,NA,NA,NA,NA,NA,NA,NA,NA,NA
2,B2R4,6.71875,u14,red,0,NA,NA,NA,NA,NA,NA,NA,NA,NA,NA,NA,NA
2,B2R4,6.71875,u3,red,5,22899.049,20988.111,10113.959,54001.119,0.187291656,0.388660668,0.424047676,0.625416688,0.230453714,0.025022393,-0.178863795,4.942070183
2,B2R4,6.71875,u23,red,10,26581.96,23915.458,9118.279,59615.697,0.152950975,0.401160419,0.445888605,0.694098049,0.180569212,0.031627604,-0.220922368,2.255454233
2,B2R4,6.71875,u21,red,15,NA,NA,NA,NA,NA,NA,NA,NA,NA,NA,NA,NA
2,B2R4,6.71875,u6,red,20,NA,NA,NA,NA,NA,NA,NA,NA,NA,NA,NA,NA
2,B2R4,6.71875,u13,red,25,NA,NA,NA,NA,NA,NA,NA,NA,NA,NA,NA,NA
2,B2R4,6.71875,u6,red,30,NA,NA,NA,NA,NA,NA,NA,NA,NA,NA,NA,NA
3,B3R3,6.84375,u3,red,0,2424.646,1839.676,1719.121,5983.443,0.287313007,0.307461106,0.405225888,0.425373986,0.403140523,0.06913014,-0.056363159,11.6098429
3,B3R3,6.84375,u10,red,5,18842.256,18240.643,13448.904,50531.803,0.266147321,0.360973524,0.372879155,0.467705358,0.362671322,0.008418552,-0.082285724,7.778043309
3,B3R3,6.84375,u17,red,10,34053.283,31368.578,15031.527,80453.388,0.186835227,0.389897539,0.423267234,0.626329546,0.22976306,0.023595937,-0.179422805,3.604705446
3,B3R3,6.84375,u16,red,15,NA,NA,NA,NA,NA,NA,NA,NA,NA,NA,NA,NA
3,B3R3,6.84375,u13,red,20,NA,NA,NA,NA,NA,NA,NA,NA,NA,NA,NA,NA
3,B3R3,6.84375,u1,red,25,NA,NA,NA,NA,NA,NA,NA,NA,NA,NA,NA,NA
3,B3R3,6.84375,u8,red,30,NA,NA,NA,NA,NA,NA,NA,NA,NA,NA,NA,NA
3,B3R4,10.5625,u3,red,0,NA,NA,NA,NA,NA,NA,NA,NA,NA,NA,NA,NA
3,B3R4,10.5625,u12,red,5,13526.67,13653.699,12756.292,39936.661,0.319413083,0.34188384,0.338703078,0.361173835,0.469320045,-0.002249138,-0.017048756,10.88627709
3,B3R4,10.5625,u14,red,10,37183.708,36104.665,25360.868,98649.241,0.257081228,0.365990297,0.376928475,0.485837544,0.346042175,0.00773446,-0.093389375,8.383613355
3,B3R4,10.5625,u5,red,15,32294.052,30315.593,14768.631,77378.276,0.190862756,0.391784291,0.417352953,0.618274488,0.235884279,0.018079774,-0.174490109,3.650025912
3,B3R4,10.5625,u12,red,20,35485.131,33014.58,14941.867,83441.578,0.179069804,0.395661022,0.425269175,0.641860392,0.218130366,0.020936126,-0.188933467,2.726248731
3,B3R4,10.5625,u19,red,25,34146.442,31604.478,14292.731,80043.651,0.178561708,0.394840535,0.426597757,0.642876585,0.217376898,0.022455747,-0.189555755,3.346401833
3,B3R4,10.5625,u15,red,30,45741.756,42239.635,19684.149,107665.54,0.182826826,0.392322697,0.424850477,0.634346347,0.223730823,0.023000614,-0.184332072,3.909142461
4,B4R1,5.90625,u24,red,0,10033.15,8940.628,8868.621,27842.399,0.318529341,0.321115576,0.360355083,0.362941318,0.467414608,0.027746521,-0.018131114,12.14943984
4,B4R1,5.90625,u18,red,5,32392.67,31793.095,27928.587,92114.352,0.30319474,0.345148115,0.351657145,0.39361052,0.435121199,0.004602579,-0.036912088,11.62450502
4,B4R1,5.90625,u18,red,10,44034.549,42536.609,33047.374,119618.532,0.276273028,0.355602165,0.368124807,0.447453945,0.381736536,0.008854845,-0.069884317,10.23216965
4,B4R1,5.90625,u18,red,15,37831.764,35637.711,23743.71,97213.185,0.244243721,0.36659339,0.38916289,0.511512559,0.323177891,0.015959047,-0.109112046,8.471128299
4,B4R1,5.90625,u23,red,20,40475.533,38155.743,25558.028,104189.304,0.24530376,0.366215547,0.388480693,0.50939248,0.325036414,0.015743835,-0.107813769,8.489222451
4,B4R1,5.90625,u20,red,25,NA,NA,NA,NA,NA,NA,NA,NA,NA,NA,NA,NA
4,B4R1,5.90625,u15,red,30,NA,NA,NA,NA,NA,NA,NA,NA,NA,NA,NA,NA
4,B4R2,6.09375,u20,red,0,7174.873,5653.128,4390.626,17218.627,0.254992805,0.328314679,0.416692516,0.49001439,0.342268916,0.062492567,-0.09594716,9.552099903
4,B4R2,6.09375,u8,red,5,30364.492,29808.208,25691.416,85864.116,0.299210161,0.347155592,0.353634247,0.401579677,0.42696133,0.004581101,-0.04179218,11.49226172
4,B4R2,6.09375,u26,red,10,33817.887,31733.202,20488.398,86039.487,0.238127849,0.368821376,0.393050774,0.523744301,0.31255618,0.017132772,-0.116602428,7.077408973
4,B4R2,6.09375,u9,red,15,38586.213,35751.618,21244.031,95581.862,0.222260066,0.374041866,0.403698068,0.555479867,0.285776848,0.020970101,-0.136036414,5.484123699
4,B4R2,6.09375,u1,red,20,39697.249,36824,21927.919,98449.168,0.222733411,0.374040744,0.403225845,0.554533178,0.286559868,0.020636983,-0.135456688,5.637854878
4,B4R2,6.09375,u6,red,25,38574.7,35022.971,17465.368,91063.039,0.191794258,0.384601386,0.423604356,0.616411484,0.237308705,0.027579265,-0.173349257,5.214018894
4,B4R2,6.09375,u20,red,30,NA,NA,NA,NA,NA,NA,NA,NA,NA,NA,NA,NA
4,B4R3,8.5,u9,red,0,NA,NA,NA,NA,NA,NA,NA,NA,NA,NA,NA,NA
4,B4R3,8.5,u24,red,5,30032.626,29148.433,22310.464,81491.523,0.273776501,0.357686688,0.368536811,0.452446999,0.376986563,0.007672195,-0.072941925,9.675058185
4,B4R3,8.5,u22,red,10,31517.178,29046.502,13448.693,74012.373,0.181708712,0.392454678,0.42583661,0.636582575,0.222058716,0.02360459,-0.185701477,4.10819303
4,B4R3,8.5,u7,red,15,37268.548,35310.019,21701.261,94279.828,0.23017926,0.374523583,0.395297157,0.539641481,0.299003713,0.014689135,-0.126337423,6.37076135
4,B4R3,8.5,u25,red,20,40451.162,36874.114,17136.691,94461.967,0.181413658,0.390359371,0.428226971,0.637172683,0.221618233,0.026776437,-0.186062843,3.849760066
4,B4R3,8.5,u23,red,25,49113.14,45636.723,26407.409,121157.272,0.217959752,0.376673412,0.405366836,0.564080495,0.278706567,0.020289315,-0.141303202,6.854183189
4,B4R3,8.5,u3,red,30,51471.107,47601.885,26775.294,125848.286,0.212758511,0.378248179,0.40899331,0.574482977,0.270258256,0.02174009,-0.147673395,6.644124418
4,B4R4,6.625,u18,red,0,6915.158,5744.417,5059.051,17718.626,0.285521631,0.32420217,0.390276199,0.428956737,0.399622499,0.046721394,-0.058557137,11.08486505
4,B4R4,6.625,u5,red,5,23084.702,22033.764,14670.501,59788.967,0.245371374,0.368525584,0.386103041,0.509257251,0.325155137,0.012429139,-0.107730958,7.087318523
4,B4R4,6.625,u8,red,10,27409.218,26304.533,18068.793,71782.544,0.251715696,0.366447489,0.381836815,0.496568609,0.336390452,0.010881897,-0.099960783,8.948351789
4,B4R4,6.625,u6,red,15,NA,NA,NA,NA,NA,NA,NA,NA,NA,NA,NA,NA
4,B4R4,6.625,u10,red,20,NA,NA,NA,NA,NA,NA,NA,NA,NA,NA,NA,NA
4,B4R4,6.625,u16,red,25,NA,NA,NA,NA,NA,NA,NA,NA,NA,NA,NA,NA
4,B4R4,6.625,u1,red,30,NA,NA,NA,NA,NA,NA,NA,NA,NA,NA,NA,NA
5,B5R1,7.375,u4,red,0,7681.489,6301.924,4948.689,18932.102,0.261391419,0.332869747,0.405738834,0.477217163,0.353897078,0.051526226,-0.088110491,9.14725147
5,B5R1,7.375,u14,red,5,18215.795,17661.447,13340.612,49217.854,0.271052289,0.358842281,0.37010543,0.457895421,0.371840511,0.007964249,-0.076278389,9.159623426
5,B5R1,7.375,u11,red,10,55734.474,52670.122,32990.306,141394.902,0.233320336,0.372503685,0.39417598,0.533359329,0.304325713,0.015324627,-0.122490406,6.031676194
5,B5R1,7.375,u1,red,15,59143.184,57866.547,47736.276,164746.007,0.289756801,0.351247038,0.358996161,0.420486398,0.407968428,0.005479457,-0.053370134,9.36804853
5,B5R1,7.375,u19,red,20,43737.833,42944.119,36263.596,122945.548,0.294956561,0.349293811,0.355749628,0.410086878,0.418352323,0.004564952,-0.047001755,10.32140697
5,B5R1,7.375,u22,red,25,46707.298,45791.113,39420.552,131918.963,0.298823998,0.347115471,0.35406053,0.402352003,0.426175451,0.004910898,-0.042265131,11.04580956
5,B5R1,7.375,u11,red,30,49795.356,48690.405,42336.789,140822.55,0.300639273,0.34575716,0.353603567,0.398721455,0.429877259,0.005548247,-0.040041883,9.711153873
5,B5R2,7.8125,u25,red,0,4280.932,3310.714,2944.082,10535.728,0.279437928,0.314236852,0.40632522,0.441124144,0.38780549,0.06511631,-0.066008122,10.45531339
5,B5R2,7.8125,u12,red,5,13030.317,12086.996,7152.885,32270.198,0.221656062,0.374555991,0.403787947,0.556687877,0.284779069,0.020670114,-0.136776166,5.608992091
5,B5R2,7.8125,u19,red,10,32980.87,30775.456,16171.564,79927.89,0.202326922,0.385040266,0.412632812,0.595346155,0.253646422,0.019510877,-0.16044943,4.995590351
5,B5R2,7.8125,u17,red,15,39071.879,35713.367,15173.931,89959.177,0.168675743,0.396995262,0.434328996,0.662648514,0.202900061,0.026398937,-0.20166354,2.283101014
5,B5R2,7.8125,u9,red,20,35520.763,32082.466,10524.258,78127.487,0.134706214,0.410642493,0.454651293,0.730587572,0.155676854,0.031118921,-0.243267545,1.085327851
5,B5R2,7.8125,u2,red,25,32538.604,29256.554,8722.549,70517.707,0.123693032,0.414882378,0.461424589,0.752613936,0.141152629,0.032910313,-0.256755884,0.740050218
5,B5R2,7.8125,u25,red,30,32684.667,29269.869,7847.823,69802.359,0.112429195,0.419324926,0.46824588,0.775141611,0.126670677,0.034592338,-0.270551211,2.191007563
5,B5R3,8.90625,u13,red,0,2260.668,1971.656,1889.496,6121.82,0.308649389,0.322070234,0.369280377,0.382701223,0.446444081,0.033382613,-0.030231535,10.62165669
5,B5R3,8.90625,u26,red,5,8656.098,8191.31,7078.656,23926.064,0.295855432,0.342359278,0.36178529,0.408289136,0.420162912,0.013736265,-0.045900867,10.25531492
5,B5R3,8.90625,u8,red,10,42204.742,41190.786,32288.683,115684.211,0.279110543,0.356062298,0.364827159,0.441778913,0.387175233,0.006197692,-0.066409084,10.44487107
5,B5R3,8.90625,u18,red,15,44656.065,42431.604,28148.14,115235.809,0.244265565,0.368215439,0.387518996,0.51146887,0.323216138,0.013649676,-0.109085292,8.459696693
5,B5R3,8.90625,u19,red,20,36197.956,33727.864,18349.978,88275.798,0.207870995,0.382073737,0.410055268,0.584258009,0.262420634,0.01978593,-0.153659355,5.36520226
5,B5R3,8.90625,u9,red,25,42183.986,39860.066,24155.742,106199.794,0.227455639,0.375330916,0.397213445,0.545088722,0.294424049,0.015473284,-0.129673163,5.770571638
5,B5R3,8.90625,u15,red,30,41233.026,37596.954,15937.759,94767.739,0.168177052,0.39672735,0.435095597,0.663645895,0.202178905,0.027130448,-0.202274308,2.847140143
5,B5R4,8.875,u10,red,0,4877.555,4315.391,4034.169,13227.115,0.304992358,0.326253382,0.36875426,0.390015283,0.438833101,0.030052659,-0.034710464,10.0120172
5,B5R4,8.875,u5,red,5,19406.093,18213.331,10766.725,48386.149,0.222516675,0.376416214,0.401067111,0.55496665,0.286201219,0.017430817,-0.135722134,5.736070568
5,B5R4,8.875,u5,red,10,29753.903,26962.438,10259.023,66975.364,0.153176069,0.402572474,0.444251456,0.693647861,0.180883019,0.029471491,-0.220646685,0.903680794
5,B5R4,8.875,u23,red,15,35487.384,31789.038,8947.269,76223.691,0.117381734,0.417049313,0.465568953,0.765236533,0.13299264,0.034308566,-0.264485614,1.119334069
5,B5R4,8.875,u2,red,20,28391.75,25500.096,7071.619,60963.465,0.115997655,0.418284886,0.465717459,0.768004689,0.131218719,0.033539894,-0.266180757,1.493949917
5,B5R4,8.875,u3,red,25,32254.487,28947.244,8338.641,69540.372,0.119910791,0.416265303,0.463823906,0.760178418,0.13624845,0.033629011,-0.261388164,0.74353084
5,B5R4,8.875,u13,red,30,27667.54,24650.9,5724.218,58042.658,0.09862088,0.424703155,0.476675965,0.80275824,0.109411099,0.036750326,-0.287462874,4.644896678
6,B6R2,13.28125,u14,red,0,2299.297,1722.213,1583.401,5604.911,0.282502434,0.307268572,0.410228994,0.434995132,0.393732951,0.072804012,-0.062254883,10.61142307
6,B6R2,13.28125,u4,red,5,15544.205,14624.136,11621.041,41789.382,0.278085974,0.349948607,0.371965419,0.443828052,0.385206498,0.015568238,-0.06766392,9.671411151
6,B6R2,13.28125,u4,red,10,27852.649,25839.602,13351.486,67043.737,0.19914591,0.385414107,0.415439984,0.60170818,0.248666907,0.021231501,-0.164345359,4.973751395
6,B6R2,13.28125,u4,red,15,36025.85,33044.188,14359.034,83429.072,0.172110676,0.396075219,0.431814104,0.655778648,0.207890924,0.025271208,-0.197456622,3.065284144
6,B6R2,13.28125,u19,red,20,35522.756,32182.519,12395.266,80100.541,0.154746346,0.40177655,0.443477105,0.690507309,0.183076813,0.029486745,-0.218723497,1.564787408
6,B6R2,13.28125,u17,red,25,35284.632,32125.332,13057.155,80467.119,0.162266963,0.399235519,0.438497518,0.675466075,0.1936977,0.027762426,-0.20951266,1.796181041
6,B6R2,13.28125,u19,red,30,48448.024,44095.088,18234.051,110777.163,0.164601173,0.398052151,0.437346676,0.670797653,0.197033043,0.027785425,-0.206653848,2.331865713
6,B6R3,6.15625,u16,red,0,4216.867,3625.282,3546.678,11388.827,0.311417322,0.318319174,0.370263505,0.377165357,0.452258431,0.036730189,-0.026841523,11.07918927
6,B6R3,6.15625,u7,red,5,19736.257,18559.307,10861.764,49157.328,0.220959203,0.377549142,0.401491656,0.558081595,0.283629822,0.016929914,-0.13762964,5.812934844
6,B6R3,6.15625,u20,red,10,27570.17,25263.39,11618.142,64451.702,0.180261213,0.391973978,0.427764809,0.639477573,0.219900798,0.02530794,-0.187474294,4.274053049
6,B6R3,6.15625,u7,red,15,38503.551,35311.826,16337.931,90153.308,0.181223866,0.391686415,0.427089719,0.637552268,0.221335061,0.025033917,-0.18629529,3.187819896
6,B6R3,6.15625,u7,red,20,41693.293,39958.341,28019.246,109670.88,0.255484829,0.364347774,0.380167397,0.489030342,0.343155974,0.011186163,-0.095344557,7.839949227
6,B6R3,6.15625,u26,red,25,NA,NA,NA,NA,NA,NA,NA,NA,NA,NA,NA,NA
6,B6R3,6.15625,u9,red,30,NA,NA,NA,NA,NA,NA,NA,NA,NA,NA,NA,NA
6,B6R4,7.875,u2,red,0,3337.06,2891.676,2838.742,9067.478,0.313068529,0.318906316,0.368025155,0.373862942,0.455749288,0.034732265,-0.024819215,12.07009802
6,B6R4,7.875,u16,red,5,19508.617,18856.988,14375.741,52741.346,0.272570613,0.357537102,0.369892285,0.454858774,0.374703879,0.008736434,-0.07441883,8.795382827
6,B6R4,7.875,u9,red,10,24227.788,22194.457,9762.128,56184.373,0.173751659,0.395029006,0.431219336,0.652496683,0.210289873,0.025590428,-0.195446838,2.205303218
6,B6R4,7.875,u22,red,15,26525.639,23859.667,7196.737,57582.043,0.124982314,0.414359508,0.460658178,0.750035371,0.142834044,0.032738103,-0.255176842,0.712045569
6,B6R4,7.875,u1,red,20,43161.182,38874.297,13649.779,95685.258,0.142652894,0.406272584,0.451074522,0.714694211,0.166388728,0.031679754,-0.23353489,0.44160838
6,B6R4,7.875,u24,red,25,NA,NA,NA,NA,NA,NA,NA,NA,NA,NA,NA,NA
6,B6R4,7.875,u4,red,30,NA,NA,NA,NA,NA,NA,NA,NA,NA,NA,NA,NA
7,B7R1,10.03125,u5,red,0,3813.375,3129.686,3038.819,9981.88,0.304433534,0.313536729,0.382029738,0.391132933,0.437677128,0.048431871,-0.035394882,10.69454688
7,B7R1,10.03125,u23,red,5,8324.65,7100.786,5098.308,20523.744,0.248410232,0.345979077,0.405610692,0.503179537,0.330513056,0.042165919,-0.104009133,8.915653209
7,B7R1,10.03125,u26,red,10,24332.485,22443.799,11397.204,58173.488,0.195917494,0.385808033,0.418274472,0.608165012,0.243653472,0.022957239,-0.168299344,4.422721092
7,B7R1,10.03125,u13,red,15,29345.127,26785.345,11007.4,67137.872,0.163952173,0.398960292,0.437087535,0.672095654,0.19610382,0.026960032,-0.207448708,1.640266089
7,B7R1,10.03125,u24,red,20,47770.541,43427.913,17357.138,108555.592,0.159891699,0.400052288,0.440056013,0.680216603,0.190322722,0.028286905,-0.212421753,2.415973397
7,B7R1,10.03125,u2,red,25,44112.802,40240.672,16634.983,100988.457,0.164721628,0.398468035,0.436810338,0.670556745,0.197205666,0.027112102,-0.206506322,2.908163481
7,B7R1,10.03125,u6,red,30,47083.911,42636.301,17182.816,106903.028,0.160732734,0.398831556,0.44043571,0.678534531,0.191515553,0.029418579,-0.211391698,2.908707013
7,B7R2,13.3125,u15,red,0,2560.516,1836.399,1781.602,6178.517,0.288354309,0.297223266,0.414422425,0.423291382,0.405193641,0.082872321,-0.055087829,11.29446177
7,B7R2,13.3125,u8,red,5,6902.521,6082.357,5225.87,18210.748,0.286966247,0.333998197,0.379035556,0.426067507,0.402458152,0.031846222,-0.056787852,11.04293282
7,B7R2,13.3125,u3,red,10,23268.342,22121.897,16586.988,61977.227,0.267630367,0.356935895,0.375433738,0.464739266,0.365430726,0.01307995,-0.080469371,9.855050864
7,B7R2,13.3125,u20,red,15,33117.827,30878.294,18060.272,82056.393,0.220095855,0.376305768,0.403598377,0.559808289,0.282208855,0.019298788,-0.13868702,6.932636685
7,B7R2,13.3125,u26,red,20,41722.405,39468.819,25995.745,107186.969,0.242527102,0.368224042,0.389248855,0.514945795,0.320179247,0.014866788,-0.111214466,7.324404527
7,B7R2,13.3125,u21,red,25,43482.844,40727.082,24580.945,108790.871,0.225946762,0.374361209,0.399692029,0.548106477,0.291900803,0.017911595,-0.131521153,7.833831755
7,B7R2,13.3125,u8,red,30,53633.526,49372.707,26494.202,129500.435,0.204587745,0.381255144,0.414157111,0.59082451,0.257209697,0.023265204,-0.157680499,6.115245944
8,B8R1,7.09375,u17,red,0,8236.842,7345.51,6180.6,21762.952,0.283996399,0.337523604,0.378479997,0.432007202,0.396641021,0.028960543,-0.060425157,9.569552133
8,B8R1,7.09375,u2,red,5,32610.793,31019.522,20678.176,84308.491,0.245268012,0.367928801,0.386803187,0.509463976,0.324973654,0.013346206,-0.10785755,8.222989991
8,B8R1,7.09375,u15,red,10,27420.893,25400.719,12889.948,65711.56,0.196159519,0.386548714,0.417291767,0.607680962,0.244027918,0.021738622,-0.168002926,4.839886791
8,B8R1,7.09375,u5,red,15,36532.472,33119.453,13408.553,83060.478,0.161431204,0.398739013,0.439829783,0.677137591,0.192508003,0.029055562,-0.210536251,1.551534795
8,B8R1,7.09375,u8,red,20,38478.155,34461.041,11959.119,84898.315,0.140864032,0.405909599,0.453226369,0.718271935,0.163960115,0.033458009,-0.235725789,1.341597626
8,B8R1,7.09375,u21,red,25,33769.114,29897.078,8229.656,71895.848,0.11446636,0.415838728,0.469694912,0.771067281,0.129262576,0.038082073,-0.268056203,0.957898535
8,B8R1,7.09375,u16,red,30,54500.108,48529.064,14120.528,117149.7,0.120534052,0.414248299,0.465217649,0.758931897,0.137053688,0.036040773,-0.260624829,1.976257993
8,B8R2,7.375,u6,red,0,7184.588,6169.432,4890.32,18244.34,0.268045871,0.338155943,0.393798186,0.463908259,0.366205832,0.039345007,-0.079960485,10.03764177
8,B8R2,7.375,u16,red,5,28615.013,27325.302,18405.902,74346.217,0.247570122,0.367541256,0.384888622,0.504859756,0.3290275,0.01226644,-0.105038053,7.409497647
8,B8R2,7.375,u16,red,10,29141.682,26723.812,12310.21,68175.704,0.180565939,0.391984394,0.427449667,0.638868122,0.220354446,0.025077736,-0.187101083,3.156742288
8,B8R2,7.375,u7,red,15,35600.647,32658.121,14573.549,82832.317,0.175940376,0.394267868,0.429791756,0.648119248,0.213504425,0.025119183,-0.192766217,2.799084562
8,B8R2,7.375,u16,red,20,39870.573,35939.937,12966.854,88777.364,0.146060363,0.404832216,0.449107421,0.707879274,0.17104296,0.031307298,-0.22936161,0.575244023
8,B8R2,7.375,u26,red,25,44870.91,40462.676,14497.643,99831.229,0.145221522,0.405310807,0.449467671,0.709556956,0.169893751,0.031223618,-0.230388976,0.672879732
8,B8R2,7.375,u25,red,30,53853.03,48840.947,19684.029,122378.006,0.160846133,0.399099059,0.440054809,0.678307734,0.191676567,0.028960088,-0.211252814,2.302304756
8,B8R3,6.46875,u9,red,0,9551.711,8587.385,6992.053,25131.149,0.278222575,0.341702841,0.380074584,0.443554849,0.385468658,0.02713292,-0.067496618,8.781496823
8,B8R3,6.46875,u21,red,5,31888.022,31277.18,25813.483,88978.685,0.290108614,0.351513174,0.358378212,0.419782772,0.408666199,0.004854314,-0.052939253,11.40264635
8,B8R3,6.46875,u22,red,10,39057.451,38387.147,31704.77,109149.368,0.290471402,0.351693718,0.35783488,0.419057195,0.409386462,0.004342458,-0.05249493,10.61029769
8,B8R3,6.46875,u18,red,15,45797.199,44673.033,36307.542,126777.774,0.286387281,0.352372751,0.361239968,0.427225438,0.401320315,0.006270069,-0.057496937,10.76006723
8,B8R3,6.46875,u12,red,20,51702.155,49242.684,36235.756,137180.595,0.264146369,0.358962461,0.37689117,0.471707263,0.35896591,0.012677512,-0.08473638,8.060721207
8,B8R3,6.46875,u23,red,25,49179.253,46871.143,35074.926,131125.322,0.267491629,0.357453025,0.375055346,0.465016742,0.365172112,0.01244672,-0.08063929,9.728773794
8,B8R3,6.46875,u2,red,30,63136.652,60075.926,45034.521,168247.099,0.26766893,0.35706961,0.37526146,0.46466214,0.365502627,0.012863581,-0.080422141,9.48965031
